10-11-08:20:29.173;miner1;ðŸ”¨ mined potential block                 ;1;9c2008â€¦0bbea8
10-11-08:20:29.174;miner1;Propagated block                        ;-1;9c2008â€¦0bbea8
10-11-08:20:29.174;miner1;Announced block                         ;-1;9c2008â€¦0bbea8
10-11-08:20:29.174;miner1;Announced block                         ;1;9c2008â€¦0bbea8
10-11-08:20:29.174;miner1;Propagated block                        ;1;9c2008â€¦0bbea8
10-11-08:20:29.175;miner1;Propagated block                        ;1;9c2008â€¦0bbea8
10-11-08:20:29.175;miner1;Propagated block                        ;1;9c2008â€¦0bbea8
10-11-08:20:29.175;miner1;Announced block                         ;1;9c2008â€¦0bbea8
10-11-08:20:29.176;miner1;Announced block                         ;1;9c2008â€¦0bbea8
10-11-08:20:29.176;miner1;Announced block                         ;1;9c2008â€¦0bbea8
10-11-08:20:29.176;miner1;Announced block                         ;1;9c2008â€¦0bbea8
10-11-08:20:29.177;miner1;Announced block                         ;1;9c2008â€¦0bbea8
10-11-08:20:29.177;miner1;Announced block                         ;1;9c2008â€¦0bbea8
10-11-08:20:29.177;miner1;Announced block                         ;1;9c2008â€¦0bbea8
10-11-08:20:29.178;miner1;Announced block                         ;1;9c2008â€¦0bbea8
10-11-08:20:30.658;miner1;Queued propagated block                 ;1;ba0794â€¦5bfc7a
10-11-08:20:30.658;miner1;Importing propagated block              ;1;ba0794â€¦5bfc7a
10-11-08:20:41.066;miner1;Queued propagated block                 ;1;4d1b57â€¦c33b0b
10-11-08:20:41.066;miner1;Importing propagated block              ;1;4d1b57â€¦c33b0b
10-11-08:20:42.765;miner1;Propagated block                        ;-1;4d1b57â€¦c33b0b
10-11-08:20:42.783;miner1;Propagated block                        ;1;4d1b57â€¦c33b0b
10-11-08:20:42.783;miner1;Announced block                         ;-1;4d1b57â€¦c33b0b
10-11-08:20:42.790;miner1;Announced block                         ;1;4d1b57â€¦c33b0b
10-11-08:20:42.790;miner1;Propagated block                        ;1;4d1b57â€¦c33b0b
10-11-08:20:42.791;miner1;Announced block                         ;1;4d1b57â€¦c33b0b
10-11-08:20:42.791;miner1;Announced block                         ;1;4d1b57â€¦c33b0b
10-11-08:20:42.791;miner1;Announced block                         ;1;4d1b57â€¦c33b0b
10-11-08:20:42.798;miner1;Announced block                         ;-1;4d1b57â€¦c33b0b
10-11-08:20:42.868;miner1;Propagated block                        ;-1;ba0794â€¦5bfc7a
10-11-08:20:42.869;miner1;Propagated block                        ;1;ba0794â€¦5bfc7a
10-11-08:20:42.966;miner1;Propagated block                        ;1;ba0794â€¦5bfc7a
10-11-08:20:43.056;miner1;Announced block                         ;-1;ba0794â€¦5bfc7a
10-11-08:20:43.057;miner1;Announced block                         ;1;ba0794â€¦5bfc7a
10-11-08:20:43.057;miner1;Announced block                         ;1;ba0794â€¦5bfc7a
10-11-08:20:43.057;miner1;Announced block                         ;1;ba0794â€¦5bfc7a
10-11-08:20:43.057;miner1;Announced block                         ;1;ba0794â€¦5bfc7a
10-11-08:20:43.057;miner1;Announced block                         ;1;ba0794â€¦5bfc7a
10-11-08:20:52.473;miner1;Queued propagated block                 ;2;997924â€¦03272a
10-11-08:20:52.490;miner1;Importing propagated block              ;2;997924â€¦03272a
10-11-08:20:52.603;miner1;Propagated block                        ;-1;997924â€¦03272a
10-11-08:20:52.670;miner1;Propagated block                        ;2;997924â€¦03272a
10-11-08:20:52.759;miner1;Propagated block                        ;2;997924â€¦03272a
10-11-08:20:53.061;miner1;Announced block                         ;-1;997924â€¦03272a
10-11-08:20:53.061;miner1;Announced block                         ;2;997924â€¦03272a
10-11-08:20:53.082;miner1;Announced block                         ;2;997924â€¦03272a
10-11-08:20:53.156;miner1;Announced block                         ;2;997924â€¦03272a
10-11-08:20:59.762;miner1;Queued propagated block                 ;3;04ee97â€¦2d7ed7
10-11-08:20:59.850;miner1;Importing propagated block              ;3;04ee97â€¦2d7ed7
10-11-08:20:59.877;miner1;Propagated block                        ;-1;04ee97â€¦2d7ed7
10-11-08:20:59.943;miner1;Propagated block                        ;3;04ee97â€¦2d7ed7
10-11-08:20:59.960;miner1;Propagated block                        ;3;04ee97â€¦2d7ed7
10-11-08:21:00.071;miner1;Announced block                         ;-1;04ee97â€¦2d7ed7
10-11-08:21:00.072;miner1;Announced block                         ;3;04ee97â€¦2d7ed7
10-11-08:21:00.278;miner1;Announced block                         ;3;04ee97â€¦2d7ed7
10-11-08:21:00.278;miner1;Announced block                         ;3;04ee97â€¦2d7ed7
10-11-08:21:02.491;miner1;Queued propagated block                 ;4;4a865dâ€¦6e41c2
10-11-08:21:02.491;miner1;Importing propagated block              ;4;4a865dâ€¦6e41c2
10-11-08:21:02.649;miner1;Propagated block                        ;-1;4a865dâ€¦6e41c2
10-11-08:21:02.649;miner1;Propagated block                        ;4;4a865dâ€¦6e41c2
10-11-08:21:02.680;miner1;Propagated block                        ;4;4a865dâ€¦6e41c2
10-11-08:21:02.680;miner1;Propagated block                        ;4;4a865dâ€¦6e41c2
10-11-08:21:02.755;miner1;Announced block                         ;-1;4a865dâ€¦6e41c2
10-11-08:21:02.755;miner1;Announced block                         ;4;4a865dâ€¦6e41c2
10-11-08:21:02.767;miner1;Queued propagated block                 ;4;4a865dâ€¦6e41c2
10-11-08:21:02.794;miner1;Announced block                         ;4;4a865dâ€¦6e41c2
10-11-08:21:02.794;miner1;Announced block                         ;4;4a865dâ€¦6e41c2
10-11-08:21:02.798;miner1;Announced block                         ;4;4a865dâ€¦6e41c2
10-11-08:21:02.798;miner1;Announced block                         ;4;4a865dâ€¦6e41c2
10-11-08:21:02.798;miner1;Announced block                         ;4;4a865dâ€¦6e41c2
10-11-08:21:02.798;miner1;Announced block                         ;4;4a865dâ€¦6e41c2
10-11-08:21:11.372;miner1;Queued propagated block                 ;5;66700fâ€¦1f6699
10-11-08:21:11.378;miner1;Importing propagated block              ;5;66700fâ€¦1f6699
10-11-08:21:11.396;miner1;Propagated block                        ;-1;66700fâ€¦1f6699
10-11-08:21:11.398;miner1;Propagated block                        ;5;66700fâ€¦1f6699
10-11-08:21:11.464;miner1;Propagated block                        ;5;66700fâ€¦1f6699
10-11-08:21:11.470;miner1;Propagated block                        ;5;66700fâ€¦1f6699
10-11-08:21:11.487;miner1;Announced block                         ;-1;66700fâ€¦1f6699
10-11-08:21:11.487;miner1;Announced block                         ;5;66700fâ€¦1f6699
10-11-08:21:11.670;miner1;Announced block                         ;5;66700fâ€¦1f6699
10-11-08:21:11.670;miner1;Announced block                         ;5;66700fâ€¦1f6699
10-11-08:21:11.671;miner1;Announced block                         ;5;66700fâ€¦1f6699
10-11-08:21:11.671;miner1;Announced block                         ;5;66700fâ€¦1f6699
10-11-08:21:19.498;miner1;Queued propagated block                 ;6;b787d0â€¦ea4bc1
10-11-08:21:19.694;miner1;Importing propagated block              ;6;b787d0â€¦ea4bc1
10-11-08:21:19.860;miner1;Propagated block                        ;-1;b787d0â€¦ea4bc1
10-11-08:21:19.903;miner1;Propagated block                        ;6;b787d0â€¦ea4bc1
10-11-08:21:19.966;miner1;Propagated block                        ;6;b787d0â€¦ea4bc1
10-11-08:21:20.059;miner1;Announced block                         ;-1;b787d0â€¦ea4bc1
10-11-08:21:21.966;miner1;Queued propagated block                 ;7;cb2072â€¦f39b02
10-11-08:21:21.966;miner1;Importing propagated block              ;7;cb2072â€¦f39b02
10-11-08:21:21.988;miner1;Propagated block                        ;-1;cb2072â€¦f39b02
10-11-08:21:22.046;miner1;Propagated block                        ;7;cb2072â€¦f39b02
10-11-08:21:22.090;miner1;Propagated block                        ;7;cb2072â€¦f39b02
10-11-08:21:22.090;miner1;Propagated block                        ;7;cb2072â€¦f39b02
10-11-08:21:22.195;miner1;Announced block                         ;-1;cb2072â€¦f39b02
10-11-08:21:22.195;miner1;Announced block                         ;7;cb2072â€¦f39b02
10-11-08:21:22.255;miner1;Announced block                         ;7;cb2072â€¦f39b02
10-11-08:21:22.255;miner1;Announced block                         ;7;cb2072â€¦f39b02
10-11-08:21:22.255;miner1;Announced block                         ;7;cb2072â€¦f39b02
10-11-08:21:22.255;miner1;Announced block                         ;7;cb2072â€¦f39b02
10-11-08:21:22.259;miner1;Announced block                         ;7;cb2072â€¦f39b02
10-11-08:21:30.858;miner1;Queued propagated block                 ;8;bd7c3eâ€¦9ae784
10-11-08:21:30.862;miner1;Importing propagated block              ;8;bd7c3eâ€¦9ae784
10-11-08:21:30.958;miner1;Propagated block                        ;-1;bd7c3eâ€¦9ae784
10-11-08:21:30.958;miner1;Propagated block                        ;8;bd7c3eâ€¦9ae784
10-11-08:21:30.962;miner1;Propagated block                        ;8;bd7c3eâ€¦9ae784
10-11-08:21:30.962;miner1;Propagated block                        ;8;bd7c3eâ€¦9ae784
10-11-08:21:31.394;miner1;Announced block                         ;-1;bd7c3eâ€¦9ae784
10-11-08:21:31.394;miner1;Announced block                         ;8;bd7c3eâ€¦9ae784
10-11-08:21:42.458;miner1;Queued propagated block                 ;9;8124c5â€¦d1cbb8
10-11-08:21:42.458;miner1;Importing propagated block              ;9;8124c5â€¦d1cbb8
10-11-08:21:42.564;miner1;Propagated block                        ;-1;8124c5â€¦d1cbb8
10-11-08:21:42.564;miner1;Propagated block                        ;9;8124c5â€¦d1cbb8
10-11-08:21:42.654;miner1;Propagated block                        ;9;8124c5â€¦d1cbb8
10-11-08:21:42.656;miner1;Announced block                         ;-1;8124c5â€¦d1cbb8
10-11-08:21:42.657;miner1;Announced block                         ;9;8124c5â€¦d1cbb8
10-11-08:21:42.774;miner1;Announced block                         ;9;8124c5â€¦d1cbb8
10-11-08:21:42.775;miner1;Announced block                         ;9;8124c5â€¦d1cbb8
10-11-08:21:42.775;miner1;Announced block                         ;9;8124c5â€¦d1cbb8
10-11-08:21:42.775;miner1;Announced block                         ;9;8124c5â€¦d1cbb8
10-11-08:21:42.784;miner1;Queued propagated block                 ;9;8124c5â€¦d1cbb8
10-11-08:21:42.786;miner1;Queued propagated block                 ;9;8124c5â€¦d1cbb8
10-11-08:21:54.100;miner1;ðŸ”¨ mined potential block                 ;10;75d8adâ€¦0f4a6c
10-11-08:21:54.101;miner1;Propagated block                        ;-1;75d8adâ€¦0f4a6c
10-11-08:21:54.101;miner1;Announced block                         ;-1;75d8adâ€¦0f4a6c
10-11-08:21:54.101;miner1;Announced block                         ;10;75d8adâ€¦0f4a6c
10-11-08:21:54.350;miner1;Propagated block                        ;10;75d8adâ€¦0f4a6c
10-11-08:21:54.350;miner1;Propagated block                        ;10;75d8adâ€¦0f4a6c
10-11-08:21:54.351;miner1;Propagated block                        ;10;75d8adâ€¦0f4a6c
10-11-08:21:54.351;miner1;Announced block                         ;10;75d8adâ€¦0f4a6c
10-11-08:21:54.351;miner1;Announced block                         ;10;75d8adâ€¦0f4a6c
10-11-08:21:54.364;miner1;Announced block                         ;10;75d8adâ€¦0f4a6c
10-11-08:21:54.364;miner1;Announced block                         ;10;75d8adâ€¦0f4a6c
10-11-08:21:54.458;miner1;Announced block                         ;10;75d8adâ€¦0f4a6c
10-11-08:21:54.458;miner1;Announced block                         ;10;75d8adâ€¦0f4a6c
10-11-08:21:54.458;miner1;Announced block                         ;10;75d8adâ€¦0f4a6c
10-11-08:21:54.459;miner1;Announced block                         ;10;75d8adâ€¦0f4a6c
10-11-08:22:03.161;miner1;Queued propagated block                 ;11;415516â€¦21fd4d
10-11-08:22:03.161;miner1;Importing propagated block              ;11;415516â€¦21fd4d
10-11-08:22:03.292;miner1;Propagated block                        ;-1;415516â€¦21fd4d
10-11-08:22:03.293;miner1;Propagated block                        ;11;415516â€¦21fd4d
10-11-08:22:03.356;miner1;Announced block                         ;-1;415516â€¦21fd4d
10-11-08:22:03.356;miner1;Announced block                         ;11;415516â€¦21fd4d
10-11-08:22:03.454;miner1;Propagated block                        ;11;415516â€¦21fd4d
10-11-08:22:03.455;miner1;Queued propagated block                 ;11;415516â€¦21fd4d
10-11-08:22:03.458;miner1;Announced block                         ;11;415516â€¦21fd4d
10-11-08:22:03.458;miner1;Announced block                         ;11;415516â€¦21fd4d
10-11-08:22:03.458;miner1;Announced block                         ;11;415516â€¦21fd4d
10-11-08:22:04.250;miner1;Queued propagated block                 ;12;df3cabâ€¦fce594
10-11-08:22:04.250;miner1;Importing propagated block              ;12;df3cabâ€¦fce594
10-11-08:22:04.280;miner1;Propagated block                        ;-1;df3cabâ€¦fce594
10-11-08:22:04.280;miner1;Propagated block                        ;12;df3cabâ€¦fce594
10-11-08:22:04.298;miner1;Propagated block                        ;12;df3cabâ€¦fce594
10-11-08:22:04.298;miner1;Propagated block                        ;12;df3cabâ€¦fce594
10-11-08:22:04.309;miner1;Announced block                         ;-1;df3cabâ€¦fce594
10-11-08:22:04.309;miner1;Announced block                         ;12;df3cabâ€¦fce594
10-11-08:22:04.388;miner1;Announced block                         ;12;df3cabâ€¦fce594
10-11-08:22:04.389;miner1;Announced block                         ;12;df3cabâ€¦fce594
10-11-08:22:04.389;miner1;Queued propagated block                 ;12;df3cabâ€¦fce594
10-11-08:22:04.394;miner1;Announced block                         ;12;df3cabâ€¦fce594
10-11-08:22:04.394;miner1;Announced block                         ;12;df3cabâ€¦fce594
10-11-08:22:06.190;miner1;Queued propagated block                 ;13;199999â€¦20bbc9
10-11-08:22:06.190;miner1;Importing propagated block              ;13;199999â€¦20bbc9
10-11-08:22:06.206;miner1;Propagated block                        ;-1;199999â€¦20bbc9
10-11-08:22:06.207;miner1;Propagated block                        ;13;199999â€¦20bbc9
10-11-08:22:06.282;miner1;Propagated block                        ;13;199999â€¦20bbc9
10-11-08:22:06.282;miner1;Propagated block                        ;13;199999â€¦20bbc9
10-11-08:22:06.350;miner1;Announced block                         ;-1;199999â€¦20bbc9
10-11-08:22:06.350;miner1;Announced block                         ;13;199999â€¦20bbc9
10-11-08:22:06.351;miner1;Announced block                         ;13;199999â€¦20bbc9
10-11-08:22:06.351;miner1;Announced block                         ;13;199999â€¦20bbc9
10-11-08:22:06.352;miner1;Announced block                         ;13;199999â€¦20bbc9
10-11-08:22:06.352;miner1;Announced block                         ;13;199999â€¦20bbc9
10-11-08:22:06.352;miner1;Announced block                         ;13;199999â€¦20bbc9
10-11-08:22:06.352;miner1;Announced block                         ;13;199999â€¦20bbc9
10-11-08:22:59.078;miner1;Queued propagated block                 ;14;277d7aâ€¦d1724e
10-11-08:22:59.078;miner1;Importing propagated block              ;14;277d7aâ€¦d1724e
10-11-08:22:59.182;miner1;Propagated block                        ;-1;277d7aâ€¦d1724e
10-11-08:22:59.183;miner1;Propagated block                        ;14;277d7aâ€¦d1724e
10-11-08:22:59.262;miner1;Propagated block                        ;14;277d7aâ€¦d1724e
10-11-08:22:59.351;miner1;Announced block                         ;-1;277d7aâ€¦d1724e
10-11-08:22:59.351;miner1;Announced block                         ;14;277d7aâ€¦d1724e
10-11-08:22:59.466;miner1;Announced block                         ;14;277d7aâ€¦d1724e
10-11-08:22:59.466;miner1;Announced block                         ;14;277d7aâ€¦d1724e
10-11-08:23:05.376;miner1;ðŸ”¨ mined potential block                 ;15;95e1d9â€¦87495c
10-11-08:23:05.376;miner1;Propagated block                        ;-1;95e1d9â€¦87495c
10-11-08:23:05.376;miner1;Announced block                         ;-1;95e1d9â€¦87495c
10-11-08:23:05.376;miner1;Announced block                         ;15;95e1d9â€¦87495c
10-11-08:23:05.506;miner1;Propagated block                        ;15;95e1d9â€¦87495c
10-11-08:23:05.514;miner1;Propagated block                        ;15;95e1d9â€¦87495c
10-11-08:23:05.562;miner1;Propagated block                        ;15;95e1d9â€¦87495c
10-11-08:23:05.562;miner1;Announced block                         ;15;95e1d9â€¦87495c
10-11-08:23:05.563;miner1;Announced block                         ;15;95e1d9â€¦87495c
10-11-08:23:05.563;miner1;Announced block                         ;15;95e1d9â€¦87495c
10-11-08:23:05.563;miner1;Announced block                         ;15;95e1d9â€¦87495c
10-11-08:23:05.652;miner1;Announced block                         ;15;95e1d9â€¦87495c
10-11-08:23:05.662;miner1;Announced block                         ;15;95e1d9â€¦87495c
10-11-08:23:05.662;miner1;Announced block                         ;15;95e1d9â€¦87495c
10-11-08:23:05.663;miner1;Announced block                         ;15;95e1d9â€¦87495c
10-11-08:23:05.674;miner1;Queued propagated block                 ;15;95e1d9â€¦87495c
10-11-08:23:12.564;miner1;Queued propagated block                 ;16;6016ebâ€¦3535b1
10-11-08:23:12.564;miner1;Importing propagated block              ;16;6016ebâ€¦3535b1
10-11-08:23:12.674;miner1;Propagated block                        ;-1;6016ebâ€¦3535b1
10-11-08:23:12.675;miner1;Propagated block                        ;16;6016ebâ€¦3535b1
10-11-08:23:12.774;miner1;Propagated block                        ;16;6016ebâ€¦3535b1
10-11-08:23:12.774;miner1;Propagated block                        ;16;6016ebâ€¦3535b1
10-11-08:23:12.794;miner1;Queued propagated block                 ;16;6016ebâ€¦3535b1
10-11-08:23:12.809;miner1;Announced block                         ;-1;6016ebâ€¦3535b1
10-11-08:23:12.809;miner1;Announced block                         ;16;6016ebâ€¦3535b1
10-11-08:23:12.878;miner1;Queued propagated block                 ;16;6016ebâ€¦3535b1
10-11-08:23:12.886;miner1;Announced block                         ;16;6016ebâ€¦3535b1
10-11-08:23:12.890;miner1;Announced block                         ;16;6016ebâ€¦3535b1
10-11-08:23:12.890;miner1;Announced block                         ;16;6016ebâ€¦3535b1
10-11-08:23:23.358;miner1;Queued propagated block                 ;17;8920d3â€¦c8b66c
10-11-08:23:23.358;miner1;Importing propagated block              ;17;8920d3â€¦c8b66c
10-11-08:23:23.555;miner1;Propagated block                        ;-1;8920d3â€¦c8b66c
10-11-08:23:23.555;miner1;Propagated block                        ;17;8920d3â€¦c8b66c
10-11-08:23:23.577;miner1;Propagated block                        ;17;8920d3â€¦c8b66c
10-11-08:23:23.586;miner1;Propagated block                        ;17;8920d3â€¦c8b66c
10-11-08:23:23.590;miner1;Queued propagated block                 ;17;8920d3â€¦c8b66c
10-11-08:23:23.590;miner1;Announced block                         ;-1;8920d3â€¦c8b66c
10-11-08:23:23.591;miner1;Announced block                         ;17;8920d3â€¦c8b66c
10-11-08:23:23.663;miner1;Queued propagated block                 ;17;8920d3â€¦c8b66c
10-11-08:23:23.591;miner1;Announced block                         ;17;8920d3â€¦c8b66c
10-11-08:23:23.591;miner1;Announced block                         ;17;8920d3â€¦c8b66c
10-11-08:23:23.591;miner1;Announced block                         ;17;8920d3â€¦c8b66c
10-11-08:23:24.550;miner1;Queued propagated block                 ;18;722214â€¦fd9f87
10-11-08:23:24.550;miner1;Importing propagated block              ;18;722214â€¦fd9f87
10-11-08:23:24.589;miner1;Propagated block                        ;-1;722214â€¦fd9f87
10-11-08:23:24.590;miner1;Propagated block                        ;18;722214â€¦fd9f87
10-11-08:23:24.654;miner1;Propagated block                        ;18;722214â€¦fd9f87
10-11-08:23:24.654;miner1;Propagated block                        ;18;722214â€¦fd9f87
10-11-08:23:24.775;miner1;Announced block                         ;-1;722214â€¦fd9f87
10-11-08:23:24.775;miner1;Announced block                         ;18;722214â€¦fd9f87
10-11-08:23:24.874;miner1;Announced block                         ;18;722214â€¦fd9f87
10-11-08:23:24.874;miner1;Announced block                         ;18;722214â€¦fd9f87
10-11-08:23:24.874;miner1;Announced block                         ;18;722214â€¦fd9f87
10-11-08:23:26.374;miner1;Queued propagated block                 ;19;d07531â€¦bc5847
10-11-08:23:26.374;miner1;Importing propagated block              ;19;d07531â€¦bc5847
10-11-08:23:26.463;miner1;Propagated block                        ;-1;d07531â€¦bc5847
10-11-08:23:26.463;miner1;Propagated block                        ;19;d07531â€¦bc5847
10-11-08:23:26.493;miner1;Propagated block                        ;19;d07531â€¦bc5847
10-11-08:23:26.493;miner1;Propagated block                        ;19;d07531â€¦bc5847
10-11-08:23:26.494;miner1;Announced block                         ;-1;d07531â€¦bc5847
10-11-08:23:26.494;miner1;Announced block                         ;19;d07531â€¦bc5847
10-11-08:23:26.568;miner1;Queued propagated block                 ;19;d07531â€¦bc5847
10-11-08:23:26.568;miner1;Announced block                         ;19;d07531â€¦bc5847
10-11-08:23:26.568;miner1;Announced block                         ;19;d07531â€¦bc5847
10-11-08:23:26.568;miner1;Announced block                         ;19;d07531â€¦bc5847
10-11-08:23:26.568;miner1;Announced block                         ;19;d07531â€¦bc5847
10-11-08:23:26.568;miner1;Announced block                         ;19;d07531â€¦bc5847
10-11-08:23:26.569;miner1;Announced block                         ;19;d07531â€¦bc5847
10-11-08:23:26.569;miner1;Queued propagated block                 ;19;d07531â€¦bc5847
10-11-08:23:26.718;miner1;Queued propagated block                 ;19;d07531â€¦bc5847
10-11-08:20:26.857;miner2;ðŸ”¨ mined potential block                 ;1;ba0794â€¦5bfc7a
10-11-08:20:26.858;miner2;Propagated block                        ;-1;ba0794â€¦5bfc7a
10-11-08:20:26.858;miner2;Announced block                         ;-1;ba0794â€¦5bfc7a
10-11-08:20:29.182;miner2;Queued propagated block                 ;1;9c2008â€¦0bbea8
10-11-08:20:29.182;miner2;Importing propagated block              ;1;9c2008â€¦0bbea8
10-11-08:20:40.458;miner2;Queued propagated block                 ;1;ba0794â€¦5bfc7a
10-11-08:20:41.182;miner2;Queued propagated block                 ;1;4d1b57â€¦c33b0b
10-11-08:20:41.182;miner2;Importing propagated block              ;1;4d1b57â€¦c33b0b
10-11-08:20:42.886;miner2;Queued propagated block                 ;1;ba0794â€¦5bfc7a
10-11-08:20:44.664;miner2;Propagated block                        ;-1;9c2008â€¦0bbea8
10-11-08:20:44.665;miner2;Propagated block                        ;1;9c2008â€¦0bbea8
10-11-08:20:44.683;miner2;Propagated block                        ;-1;4d1b57â€¦c33b0b
10-11-08:20:44.684;miner2;Propagated block                        ;1;4d1b57â€¦c33b0b
10-11-08:20:44.862;miner2;Queued propagated block                 ;1;4d1b57â€¦c33b0b
10-11-08:20:44.862;miner2;Importing propagated block              ;1;4d1b57â€¦c33b0b
10-11-08:20:44.874;miner2;Queued propagated block                 ;1;ba0794â€¦5bfc7a
10-11-08:20:44.895;miner2;Propagated block                        ;-1;4d1b57â€¦c33b0b
10-11-08:20:44.895;miner2;Propagated block                        ;1;4d1b57â€¦c33b0b
10-11-08:20:45.270;miner2;Queued propagated block                 ;1;9c2008â€¦0bbea8
10-11-08:20:45.270;miner2;Importing propagated block              ;1;9c2008â€¦0bbea8
10-11-08:20:45.359;miner2;Propagated block                        ;-1;9c2008â€¦0bbea8
10-11-08:20:50.170;miner2;Queued propagated block                 ;1;ba0794â€¦5bfc7a
10-11-08:20:52.264;miner2;Queued propagated block                 ;2;997924â€¦03272a
10-11-08:20:52.264;miner2;Importing propagated block              ;2;997924â€¦03272a
10-11-08:20:53.094;miner2;Queued propagated block                 ;2;997924â€¦03272a
10-11-08:20:53.094;miner2;Importing propagated block              ;2;997924â€¦03272a
10-11-08:20:54.158;miner2;Queued propagated block                 ;2;997924â€¦03272a
10-11-08:20:54.158;miner2;Importing propagated block              ;2;997924â€¦03272a
10-11-08:20:59.758;miner2;Queued propagated block                 ;3;04ee97â€¦2d7ed7
10-11-08:21:00.950;miner2;Announced block                         ;-1;04ee97â€¦2d7ed7
10-11-08:21:00.951;miner2;Announced block                         ;3;04ee97â€¦2d7ed7
10-11-08:21:02.849;miner2;Queued propagated block                 ;4;4a865dâ€¦6e41c2
10-11-08:21:02.849;miner2;Importing propagated block              ;4;4a865dâ€¦6e41c2
10-11-08:21:02.898;miner2;Propagated block                        ;-1;4a865dâ€¦6e41c2
10-11-08:21:02.898;miner2;Propagated block                        ;4;4a865dâ€¦6e41c2
10-11-08:21:02.967;miner2;Propagated block                        ;4;4a865dâ€¦6e41c2
10-11-08:21:02.968;miner2;Announced block                         ;-1;4a865dâ€¦6e41c2
10-11-08:21:02.969;miner2;Announced block                         ;4;4a865dâ€¦6e41c2
10-11-08:21:11.188;miner2;ðŸ”¨ mined potential block                 ;5;66700fâ€¦1f6699
10-11-08:21:11.242;miner2;Propagated block                        ;-1;66700fâ€¦1f6699
10-11-08:21:11.242;miner2;Announced block                         ;-1;66700fâ€¦1f6699
10-11-08:21:11.242;miner2;Announced block                         ;5;66700fâ€¦1f6699
10-11-08:21:11.243;miner2;Propagated block                        ;5;66700fâ€¦1f6699
10-11-08:21:11.298;miner2;Propagated block                        ;5;66700fâ€¦1f6699
10-11-08:21:11.306;miner2;Propagated block                        ;5;66700fâ€¦1f6699
10-11-08:21:11.307;miner2;Announced block                         ;5;66700fâ€¦1f6699
10-11-08:21:11.307;miner2;Announced block                         ;5;66700fâ€¦1f6699
10-11-08:21:11.307;miner2;Announced block                         ;5;66700fâ€¦1f6699
10-11-08:21:11.307;miner2;Announced block                         ;5;66700fâ€¦1f6699
10-11-08:21:11.307;miner2;Announced block                         ;5;66700fâ€¦1f6699
10-11-08:21:11.308;miner2;Announced block                         ;5;66700fâ€¦1f6699
10-11-08:21:11.308;miner2;Announced block                         ;5;66700fâ€¦1f6699
10-11-08:21:11.308;miner2;Announced block                         ;5;66700fâ€¦1f6699
10-11-08:21:19.355;miner2;Queued propagated block                 ;6;b787d0â€¦ea4bc1
10-11-08:21:19.355;miner2;Importing propagated block              ;6;b787d0â€¦ea4bc1
10-11-08:21:19.468;miner2;Propagated block                        ;-1;b787d0â€¦ea4bc1
10-11-08:21:19.469;miner2;Propagated block                        ;6;b787d0â€¦ea4bc1
10-11-08:21:19.594;miner2;Propagated block                        ;6;b787d0â€¦ea4bc1
10-11-08:21:19.644;miner2;Announced block                         ;-1;b787d0â€¦ea4bc1
10-11-08:21:19.644;miner2;Announced block                         ;6;b787d0â€¦ea4bc1
10-11-08:21:19.694;miner2;Queued propagated block                 ;6;b787d0â€¦ea4bc1
10-11-08:21:19.786;miner2;Announced block                         ;6;b787d0â€¦ea4bc1
10-11-08:21:19.786;miner2;Announced block                         ;6;b787d0â€¦ea4bc1
10-11-08:21:19.786;miner2;Announced block                         ;6;b787d0â€¦ea4bc1
10-11-08:21:19.787;miner2;Announced block                         ;6;b787d0â€¦ea4bc1
10-11-08:21:21.966;miner2;Queued propagated block                 ;7;cb2072â€¦f39b02
10-11-08:21:21.966;miner2;Importing propagated block              ;7;cb2072â€¦f39b02
10-11-08:21:21.983;miner2;Propagated block                        ;-1;cb2072â€¦f39b02
10-11-08:21:21.983;miner2;Propagated block                        ;7;cb2072â€¦f39b02
10-11-08:21:22.061;miner2;Propagated block                        ;7;cb2072â€¦f39b02
10-11-08:21:22.090;miner2;Propagated block                        ;7;cb2072â€¦f39b02
10-11-08:21:22.091;miner2;Announced block                         ;-1;cb2072â€¦f39b02
10-11-08:21:22.091;miner2;Announced block                         ;7;cb2072â€¦f39b02
10-11-08:21:22.458;miner2;Queued propagated block                 ;7;cb2072â€¦f39b02
10-11-08:21:22.478;miner2;Announced block                         ;7;cb2072â€¦f39b02
10-11-08:21:22.478;miner2;Announced block                         ;7;cb2072â€¦f39b02
10-11-08:21:22.478;miner2;Announced block                         ;7;cb2072â€¦f39b02
10-11-08:21:22.479;miner2;Announced block                         ;7;cb2072â€¦f39b02
10-11-08:21:22.479;miner2;Announced block                         ;7;cb2072â€¦f39b02
10-11-08:21:22.479;miner2;Announced block                         ;7;cb2072â€¦f39b02
10-11-08:21:30.858;miner2;Queued propagated block                 ;8;bd7c3eâ€¦9ae784
10-11-08:21:30.858;miner2;Importing propagated block              ;8;bd7c3eâ€¦9ae784
10-11-08:21:31.163;miner2;Propagated block                        ;-1;bd7c3eâ€¦9ae784
10-11-08:21:31.164;miner2;Propagated block                        ;8;bd7c3eâ€¦9ae784
10-11-08:21:31.190;miner2;Announced block                         ;-1;bd7c3eâ€¦9ae784
10-11-08:21:31.190;miner2;Announced block                         ;8;bd7c3eâ€¦9ae784
10-11-08:21:31.268;miner2;Queued propagated block                 ;8;bd7c3eâ€¦9ae784
10-11-08:21:42.662;miner2;Queued propagated block                 ;9;8124c5â€¦d1cbb8
10-11-08:21:42.662;miner2;Importing propagated block              ;9;8124c5â€¦d1cbb8
10-11-08:21:42.697;miner2;Propagated block                        ;-1;8124c5â€¦d1cbb8
10-11-08:21:42.697;miner2;Propagated block                        ;9;8124c5â€¦d1cbb8
10-11-08:21:43.054;miner2;Announced block                         ;-1;8124c5â€¦d1cbb8
10-11-08:21:54.394;miner2;Queued propagated block                 ;10;75d8adâ€¦0f4a6c
10-11-08:21:54.394;miner2;Importing propagated block              ;10;75d8adâ€¦0f4a6c
10-11-08:21:54.400;miner2;Propagated block                        ;-1;75d8adâ€¦0f4a6c
10-11-08:21:54.400;miner2;Propagated block                        ;10;75d8adâ€¦0f4a6c
10-11-08:21:54.461;miner2;Propagated block                        ;10;75d8adâ€¦0f4a6c
10-11-08:21:54.461;miner2;Propagated block                        ;10;75d8adâ€¦0f4a6c
10-11-08:21:54.499;miner2;Announced block                         ;-1;75d8adâ€¦0f4a6c
10-11-08:21:54.499;miner2;Announced block                         ;10;75d8adâ€¦0f4a6c
10-11-08:21:54.598;miner2;Queued propagated block                 ;10;75d8adâ€¦0f4a6c
10-11-08:21:54.758;miner2;Announced block                         ;10;75d8adâ€¦0f4a6c
10-11-08:21:54.758;miner2;Announced block                         ;10;75d8adâ€¦0f4a6c
10-11-08:21:54.758;miner2;Announced block                         ;10;75d8adâ€¦0f4a6c
10-11-08:21:54.759;miner2;Announced block                         ;10;75d8adâ€¦0f4a6c
10-11-08:21:54.759;miner2;Announced block                         ;10;75d8adâ€¦0f4a6c
10-11-08:21:54.762;miner2;Announced block                         ;10;75d8adâ€¦0f4a6c
10-11-08:21:54.862;miner2;Queued propagated block                 ;10;75d8adâ€¦0f4a6c
10-11-08:22:03.343;miner2;Queued propagated block                 ;11;415516â€¦21fd4d
10-11-08:22:03.343;miner2;Importing propagated block              ;11;415516â€¦21fd4d
10-11-08:22:03.349;miner2;Propagated block                        ;-1;415516â€¦21fd4d
10-11-08:22:03.350;miner2;Propagated block                        ;11;415516â€¦21fd4d
10-11-08:22:03.468;miner2;Propagated block                        ;11;415516â€¦21fd4d
10-11-08:22:03.503;miner2;Announced block                         ;-1;415516â€¦21fd4d
10-11-08:22:03.503;miner2;Announced block                         ;11;415516â€¦21fd4d
10-11-08:22:04.154;miner2;Queued propagated block                 ;12;df3cabâ€¦fce594
10-11-08:22:04.154;miner2;Importing propagated block              ;12;df3cabâ€¦fce594
10-11-08:22:04.199;miner2;Propagated block                        ;-1;df3cabâ€¦fce594
10-11-08:22:04.199;miner2;Propagated block                        ;12;df3cabâ€¦fce594
10-11-08:22:04.298;miner2;Propagated block                        ;12;df3cabâ€¦fce594
10-11-08:22:04.298;miner2;Propagated block                        ;12;df3cabâ€¦fce594
10-11-08:22:04.299;miner2;Announced block                         ;-1;df3cabâ€¦fce594
10-11-08:22:04.299;miner2;Announced block                         ;12;df3cabâ€¦fce594
10-11-08:22:04.347;miner2;Queued propagated block                 ;12;df3cabâ€¦fce594
10-11-08:22:04.390;miner2;Announced block                         ;12;df3cabâ€¦fce594
10-11-08:22:04.390;miner2;Announced block                         ;12;df3cabâ€¦fce594
10-11-08:22:04.390;miner2;Announced block                         ;12;df3cabâ€¦fce594
10-11-08:22:04.390;miner2;Announced block                         ;12;df3cabâ€¦fce594
10-11-08:22:04.391;miner2;Announced block                         ;12;df3cabâ€¦fce594
10-11-08:22:06.482;miner2;Queued propagated block                 ;13;199999â€¦20bbc9
10-11-08:22:06.482;miner2;Importing propagated block              ;13;199999â€¦20bbc9
10-11-08:22:06.503;miner2;Propagated block                        ;-1;199999â€¦20bbc9
10-11-08:22:06.504;miner2;Propagated block                        ;13;199999â€¦20bbc9
10-11-08:22:06.566;miner2;Announced block                         ;-1;199999â€¦20bbc9
10-11-08:22:06.567;miner2;Announced block                         ;13;199999â€¦20bbc9
10-11-08:22:06.646;miner2;Announced block                         ;13;199999â€¦20bbc9
10-11-08:22:59.178;miner2;Queued propagated block                 ;14;277d7aâ€¦d1724e
10-11-08:22:59.178;miner2;Importing propagated block              ;14;277d7aâ€¦d1724e
10-11-08:22:59.195;miner2;Propagated block                        ;-1;277d7aâ€¦d1724e
10-11-08:22:59.196;miner2;Propagated block                        ;14;277d7aâ€¦d1724e
10-11-08:22:59.267;miner2;Propagated block                        ;14;277d7aâ€¦d1724e
10-11-08:22:59.298;miner2;Announced block                         ;-1;277d7aâ€¦d1724e
10-11-08:22:59.299;miner2;Announced block                         ;14;277d7aâ€¦d1724e
10-11-08:22:59.374;miner2;Announced block                         ;14;277d7aâ€¦d1724e
10-11-08:22:59.374;miner2;Announced block                         ;14;277d7aâ€¦d1724e
10-11-08:23:05.686;miner2;Queued propagated block                 ;15;95e1d9â€¦87495c
10-11-08:23:05.686;miner2;Importing propagated block              ;15;95e1d9â€¦87495c
10-11-08:23:05.763;miner2;Propagated block                        ;-1;95e1d9â€¦87495c
10-11-08:23:05.763;miner2;Propagated block                        ;15;95e1d9â€¦87495c
10-11-08:23:05.891;miner2;Propagated block                        ;15;95e1d9â€¦87495c
10-11-08:23:05.892;miner2;Propagated block                        ;15;95e1d9â€¦87495c
10-11-08:23:05.960;miner2;Announced block                         ;-1;95e1d9â€¦87495c
10-11-08:23:05.960;miner2;Announced block                         ;15;95e1d9â€¦87495c
10-11-08:23:06.070;miner2;Announced block                         ;15;95e1d9â€¦87495c
10-11-08:23:06.071;miner2;Announced block                         ;15;95e1d9â€¦87495c
10-11-08:23:12.264;miner2;ðŸ”¨ mined potential block                 ;16;6016ebâ€¦3535b1
10-11-08:23:12.264;miner2;Propagated block                        ;-1;6016ebâ€¦3535b1
10-11-08:23:12.264;miner2;Announced block                         ;-1;6016ebâ€¦3535b1
10-11-08:23:12.265;miner2;Announced block                         ;16;6016ebâ€¦3535b1
10-11-08:23:12.398;miner2;Propagated block                        ;16;6016ebâ€¦3535b1
10-11-08:23:12.398;miner2;Propagated block                        ;16;6016ebâ€¦3535b1
10-11-08:23:12.399;miner2;Propagated block                        ;16;6016ebâ€¦3535b1
10-11-08:23:12.399;miner2;Announced block                         ;16;6016ebâ€¦3535b1
10-11-08:23:12.399;miner2;Announced block                         ;16;6016ebâ€¦3535b1
10-11-08:23:12.474;miner2;Announced block                         ;16;6016ebâ€¦3535b1
10-11-08:23:12.474;miner2;Announced block                         ;16;6016ebâ€¦3535b1
10-11-08:23:12.474;miner2;Announced block                         ;16;6016ebâ€¦3535b1
10-11-08:23:12.474;miner2;Announced block                         ;16;6016ebâ€¦3535b1
10-11-08:23:12.475;miner2;Announced block                         ;16;6016ebâ€¦3535b1
10-11-08:23:12.475;miner2;Announced block                         ;16;6016ebâ€¦3535b1
10-11-08:23:23.270;miner2;Queued propagated block                 ;17;8920d3â€¦c8b66c
10-11-08:23:23.270;miner2;Importing propagated block              ;17;8920d3â€¦c8b66c
10-11-08:23:23.350;miner2;Propagated block                        ;-1;8920d3â€¦c8b66c
10-11-08:23:23.350;miner2;Propagated block                        ;17;8920d3â€¦c8b66c
10-11-08:23:23.386;miner2;Propagated block                        ;17;8920d3â€¦c8b66c
10-11-08:23:23.386;miner2;Propagated block                        ;17;8920d3â€¦c8b66c
10-11-08:23:23.554;miner2;Announced block                         ;-1;8920d3â€¦c8b66c
10-11-08:23:23.555;miner2;Announced block                         ;17;8920d3â€¦c8b66c
10-11-08:23:23.578;miner2;Announced block                         ;17;8920d3â€¦c8b66c
10-11-08:23:23.578;miner2;Announced block                         ;17;8920d3â€¦c8b66c
10-11-08:23:23.578;miner2;Announced block                         ;17;8920d3â€¦c8b66c
10-11-08:23:23.579;miner2;Announced block                         ;17;8920d3â€¦c8b66c
10-11-08:23:23.579;miner2;Announced block                         ;17;8920d3â€¦c8b66c
10-11-08:23:23.579;miner2;Announced block                         ;17;8920d3â€¦c8b66c
10-11-08:23:23.582;miner2;Queued propagated block                 ;17;8920d3â€¦c8b66c
10-11-08:23:23.597;miner2;Announced block                         ;17;8920d3â€¦c8b66c
10-11-08:23:24.482;miner2;Queued propagated block                 ;18;722214â€¦fd9f87
10-11-08:23:24.482;miner2;Importing propagated block              ;18;722214â€¦fd9f87
10-11-08:23:24.658;miner2;Propagated block                        ;-1;722214â€¦fd9f87
10-11-08:23:24.659;miner2;Propagated block                        ;18;722214â€¦fd9f87
10-11-08:23:24.690;miner2;Propagated block                        ;18;722214â€¦fd9f87
10-11-08:23:24.690;miner2;Propagated block                        ;18;722214â€¦fd9f87
10-11-08:23:24.755;miner2;Announced block                         ;-1;722214â€¦fd9f87
10-11-08:23:24.755;miner2;Announced block                         ;18;722214â€¦fd9f87
10-11-08:23:24.782;miner2;Announced block                         ;18;722214â€¦fd9f87
10-11-08:23:24.782;miner2;Announced block                         ;18;722214â€¦fd9f87
10-11-08:23:24.782;miner2;Announced block                         ;18;722214â€¦fd9f87
10-11-08:23:24.783;miner2;Announced block                         ;18;722214â€¦fd9f87
10-11-08:23:26.493;miner2;Queued propagated block                 ;19;d07531â€¦bc5847
10-11-08:23:26.493;miner2;Importing propagated block              ;19;d07531â€¦bc5847
10-11-08:23:26.576;miner2;Propagated block                        ;-1;d07531â€¦bc5847
10-11-08:23:26.576;miner2;Propagated block                        ;19;d07531â€¦bc5847
10-11-08:23:26.698;miner2;Propagated block                        ;19;d07531â€¦bc5847
10-11-08:23:26.699;miner2;Announced block                         ;-1;d07531â€¦bc5847
10-11-08:23:26.699;miner2;Announced block                         ;19;d07531â€¦bc5847
10-11-08:23:26.714;miner2;Announced block                         ;19;d07531â€¦bc5847
10-11-08:23:26.714;miner2;Announced block                         ;19;d07531â€¦bc5847
10-11-08:23:26.715;miner2;Announced block                         ;19;d07531â€¦bc5847
10-11-08:20:26.662;miner3;Queued propagated block                 ;1;4d1b57â€¦c33b0b
10-11-08:20:26.662;miner3;Importing propagated block              ;1;4d1b57â€¦c33b0b
10-11-08:20:29.190;miner3;Queued propagated block                 ;1;9c2008â€¦0bbea8
10-11-08:20:29.190;miner3;Importing propagated block              ;1;9c2008â€¦0bbea8
10-11-08:20:30.682;miner3;Queued propagated block                 ;1;ba0794â€¦5bfc7a
10-11-08:20:30.682;miner3;Importing propagated block              ;1;ba0794â€¦5bfc7a
10-11-08:20:42.367;miner3;Propagated block                        ;-1;4d1b57â€¦c33b0b
10-11-08:20:42.367;miner3;Propagated block                        ;1;4d1b57â€¦c33b0b
10-11-08:20:42.367;miner3;Propagated block                        ;1;4d1b57â€¦c33b0b
10-11-08:20:42.588;miner3;Propagated block                        ;-1;9c2008â€¦0bbea8
10-11-08:20:42.588;miner3;Propagated block                        ;1;9c2008â€¦0bbea8
10-11-08:20:42.589;miner3;Propagated block                        ;-1;ba0794â€¦5bfc7a
10-11-08:20:42.589;miner3;Propagated block                        ;1;ba0794â€¦5bfc7a
10-11-08:20:42.589;miner3;Propagated block                        ;1;9c2008â€¦0bbea8
10-11-08:20:42.589;miner3;Propagated block                        ;1;ba0794â€¦5bfc7a
10-11-08:20:42.670;miner3;Announced block                         ;-1;4d1b57â€¦c33b0b
10-11-08:20:42.670;miner3;Announced block                         ;1;4d1b57â€¦c33b0b
10-11-08:20:42.671;miner3;Announced block                         ;1;4d1b57â€¦c33b0b
10-11-08:20:42.671;miner3;Announced block                         ;1;4d1b57â€¦c33b0b
10-11-08:20:42.671;miner3;Announced block                         ;1;4d1b57â€¦c33b0b
10-11-08:20:43.098;miner3;Queued propagated block                 ;1;ba0794â€¦5bfc7a
10-11-08:20:43.098;miner3;Importing propagated block              ;1;ba0794â€¦5bfc7a
10-11-08:20:43.152;miner3;Propagated block                        ;-1;ba0794â€¦5bfc7a
10-11-08:20:43.153;miner3;Propagated block                        ;1;ba0794â€¦5bfc7a
10-11-08:20:43.178;miner3;Propagated block                        ;1;ba0794â€¦5bfc7a
10-11-08:20:43.582;miner3;Announced block                         ;-1;ba0794â€¦5bfc7a
10-11-08:20:43.583;miner3;Announced block                         ;1;ba0794â€¦5bfc7a
10-11-08:20:45.166;miner3;Queued propagated block                 ;1;9c2008â€¦0bbea8
10-11-08:20:45.166;miner3;Importing propagated block              ;1;9c2008â€¦0bbea8
10-11-08:20:45.247;miner3;Propagated block                        ;-1;9c2008â€¦0bbea8
10-11-08:20:45.248;miner3;Propagated block                        ;1;9c2008â€¦0bbea8
10-11-08:20:45.364;miner3;Announced block                         ;-1;9c2008â€¦0bbea8
10-11-08:20:45.364;miner3;Announced block                         ;1;9c2008â€¦0bbea8
10-11-08:20:45.390;miner3;Announced block                         ;1;9c2008â€¦0bbea8
10-11-08:20:52.243;miner3;Queued propagated block                 ;2;997924â€¦03272a
10-11-08:20:52.244;miner3;Importing propagated block              ;2;997924â€¦03272a
10-11-08:20:52.248;miner3;Propagated block                        ;-1;997924â€¦03272a
10-11-08:20:52.249;miner3;Propagated block                        ;2;997924â€¦03272a
10-11-08:20:52.458;miner3;Propagated block                        ;2;997924â€¦03272a
10-11-08:20:52.458;miner3;Propagated block                        ;2;997924â€¦03272a
10-11-08:20:52.788;miner3;Announced block                         ;-1;997924â€¦03272a
10-11-08:20:52.788;miner3;Announced block                         ;2;997924â€¦03272a
10-11-08:20:52.870;miner3;Announced block                         ;2;997924â€¦03272a
10-11-08:20:52.870;miner3;Announced block                         ;2;997924â€¦03272a
10-11-08:20:52.870;miner3;Announced block                         ;2;997924â€¦03272a
10-11-08:20:59.494;miner3;Queued propagated block                 ;3;04ee97â€¦2d7ed7
10-11-08:20:59.494;miner3;Importing propagated block              ;3;04ee97â€¦2d7ed7
10-11-08:20:59.559;miner3;Propagated block                        ;-1;04ee97â€¦2d7ed7
10-11-08:20:59.559;miner3;Propagated block                        ;3;04ee97â€¦2d7ed7
10-11-08:20:59.590;miner3;Propagated block                        ;3;04ee97â€¦2d7ed7
10-11-08:20:59.590;miner3;Propagated block                        ;3;04ee97â€¦2d7ed7
10-11-08:20:59.784;miner3;Announced block                         ;-1;04ee97â€¦2d7ed7
10-11-08:20:59.784;miner3;Announced block                         ;3;04ee97â€¦2d7ed7
10-11-08:20:59.802;miner3;Queued propagated block                 ;3;04ee97â€¦2d7ed7
10-11-08:20:59.850;miner3;Announced block                         ;3;04ee97â€¦2d7ed7
10-11-08:20:59.850;miner3;Announced block                         ;3;04ee97â€¦2d7ed7
10-11-08:20:59.851;miner3;Announced block                         ;3;04ee97â€¦2d7ed7
10-11-08:20:59.851;miner3;Announced block                         ;3;04ee97â€¦2d7ed7
10-11-08:20:59.851;miner3;Announced block                         ;3;04ee97â€¦2d7ed7
10-11-08:20:59.852;miner3;Announced block                         ;3;04ee97â€¦2d7ed7
10-11-08:21:02.672;miner3;Queued propagated block                 ;4;4a865dâ€¦6e41c2
10-11-08:21:02.672;miner3;Importing propagated block              ;4;4a865dâ€¦6e41c2
10-11-08:21:02.760;miner3;Propagated block                        ;-1;4a865dâ€¦6e41c2
10-11-08:21:02.775;miner3;Propagated block                        ;4;4a865dâ€¦6e41c2
10-11-08:21:02.874;miner3;Propagated block                        ;4;4a865dâ€¦6e41c2
10-11-08:21:02.879;miner3;Announced block                         ;-1;4a865dâ€¦6e41c2
10-11-08:21:02.879;miner3;Announced block                         ;4;4a865dâ€¦6e41c2
10-11-08:21:02.974;miner3;Announced block                         ;4;4a865dâ€¦6e41c2
10-11-08:21:11.250;miner3;Queued propagated block                 ;5;66700fâ€¦1f6699
10-11-08:21:11.250;miner3;Importing propagated block              ;5;66700fâ€¦1f6699
10-11-08:21:11.363;miner3;Propagated block                        ;-1;66700fâ€¦1f6699
10-11-08:21:11.363;miner3;Propagated block                        ;5;66700fâ€¦1f6699
10-11-08:21:11.394;miner3;Propagated block                        ;5;66700fâ€¦1f6699
10-11-08:21:11.446;miner3;Queued propagated block                 ;5;66700fâ€¦1f6699
10-11-08:21:11.470;miner3;Announced block                         ;-1;66700fâ€¦1f6699
10-11-08:21:11.471;miner3;Announced block                         ;5;66700fâ€¦1f6699
10-11-08:21:11.483;miner3;Queued propagated block                 ;5;66700fâ€¦1f6699
10-11-08:21:11.490;miner3;Announced block                         ;5;66700fâ€¦1f6699
10-11-08:21:11.490;miner3;Announced block                         ;5;66700fâ€¦1f6699
10-11-08:21:11.490;miner3;Announced block                         ;5;66700fâ€¦1f6699
10-11-08:21:11.490;miner3;Announced block                         ;5;66700fâ€¦1f6699
10-11-08:21:11.561;miner3;Queued propagated block                 ;5;66700fâ€¦1f6699
10-11-08:21:11.586;miner3;Queued propagated block                 ;5;66700fâ€¦1f6699
10-11-08:21:19.362;miner3;Queued propagated block                 ;6;b787d0â€¦ea4bc1
10-11-08:21:19.362;miner3;Importing propagated block              ;6;b787d0â€¦ea4bc1
10-11-08:21:19.458;miner3;Propagated block                        ;-1;b787d0â€¦ea4bc1
10-11-08:21:19.459;miner3;Propagated block                        ;6;b787d0â€¦ea4bc1
10-11-08:21:19.645;miner3;Announced block                         ;-1;b787d0â€¦ea4bc1
10-11-08:21:19.645;miner3;Announced block                         ;6;b787d0â€¦ea4bc1
10-11-08:21:19.645;miner3;Announced block                         ;6;b787d0â€¦ea4bc1
10-11-08:21:19.646;miner3;Announced block                         ;6;b787d0â€¦ea4bc1
10-11-08:21:19.654;miner3;Propagated block                        ;6;b787d0â€¦ea4bc1
10-11-08:21:19.694;miner3;Queued propagated block                 ;6;b787d0â€¦ea4bc1
10-11-08:21:19.694;miner3;Announced block                         ;6;b787d0â€¦ea4bc1
10-11-08:21:19.706;miner3;Announced block                         ;6;b787d0â€¦ea4bc1
10-11-08:21:21.813;miner3;ðŸ”¨ mined potential block                 ;7;cb2072â€¦f39b02
10-11-08:21:21.813;miner3;Propagated block                        ;-1;cb2072â€¦f39b02
10-11-08:21:21.814;miner3;Announced block                         ;-1;cb2072â€¦f39b02
10-11-08:21:21.814;miner3;Announced block                         ;7;cb2072â€¦f39b02
10-11-08:21:21.954;miner3;Propagated block                        ;7;cb2072â€¦f39b02
10-11-08:21:21.954;miner3;Propagated block                        ;7;cb2072â€¦f39b02
10-11-08:21:21.954;miner3;Propagated block                        ;7;cb2072â€¦f39b02
10-11-08:21:21.955;miner3;Announced block                         ;7;cb2072â€¦f39b02
10-11-08:21:21.955;miner3;Announced block                         ;7;cb2072â€¦f39b02
10-11-08:21:21.955;miner3;Announced block                         ;7;cb2072â€¦f39b02
10-11-08:21:21.955;miner3;Announced block                         ;7;cb2072â€¦f39b02
10-11-08:21:21.955;miner3;Announced block                         ;7;cb2072â€¦f39b02
10-11-08:21:21.955;miner3;Announced block                         ;7;cb2072â€¦f39b02
10-11-08:21:21.955;miner3;Announced block                         ;7;cb2072â€¦f39b02
10-11-08:21:21.956;miner3;Announced block                         ;7;cb2072â€¦f39b02
10-11-08:21:30.757;miner3;ðŸ”¨ mined potential block                 ;8;bd7c3eâ€¦9ae784
10-11-08:21:30.757;miner3;Propagated block                        ;-1;bd7c3eâ€¦9ae784
10-11-08:21:30.757;miner3;Announced block                         ;-1;bd7c3eâ€¦9ae784
10-11-08:21:30.757;miner3;Announced block                         ;8;bd7c3eâ€¦9ae784
10-11-08:21:30.766;miner3;Propagated block                        ;8;bd7c3eâ€¦9ae784
10-11-08:21:30.766;miner3;Propagated block                        ;8;bd7c3eâ€¦9ae784
10-11-08:21:30.767;miner3;Propagated block                        ;8;bd7c3eâ€¦9ae784
10-11-08:21:30.767;miner3;Announced block                         ;8;bd7c3eâ€¦9ae784
10-11-08:21:30.767;miner3;Announced block                         ;8;bd7c3eâ€¦9ae784
10-11-08:21:30.767;miner3;Announced block                         ;8;bd7c3eâ€¦9ae784
10-11-08:21:30.767;miner3;Announced block                         ;8;bd7c3eâ€¦9ae784
10-11-08:21:30.767;miner3;Announced block                         ;8;bd7c3eâ€¦9ae784
10-11-08:21:30.768;miner3;Announced block                         ;8;bd7c3eâ€¦9ae784
10-11-08:21:30.768;miner3;Announced block                         ;8;bd7c3eâ€¦9ae784
10-11-08:21:30.768;miner3;Announced block                         ;8;bd7c3eâ€¦9ae784
10-11-08:21:42.546;miner3;Queued propagated block                 ;9;8124c5â€¦d1cbb8
10-11-08:21:42.546;miner3;Importing propagated block              ;9;8124c5â€¦d1cbb8
10-11-08:21:42.600;miner3;Propagated block                        ;-1;8124c5â€¦d1cbb8
10-11-08:21:42.601;miner3;Propagated block                        ;9;8124c5â€¦d1cbb8
10-11-08:21:42.667;miner3;Propagated block                        ;9;8124c5â€¦d1cbb8
10-11-08:21:42.668;miner3;Announced block                         ;-1;8124c5â€¦d1cbb8
10-11-08:21:42.668;miner3;Announced block                         ;9;8124c5â€¦d1cbb8
10-11-08:21:42.784;miner3;Queued propagated block                 ;9;8124c5â€¦d1cbb8
10-11-08:21:42.786;miner3;Announced block                         ;9;8124c5â€¦d1cbb8
10-11-08:21:42.786;miner3;Announced block                         ;9;8124c5â€¦d1cbb8
10-11-08:21:42.787;miner3;Announced block                         ;9;8124c5â€¦d1cbb8
10-11-08:21:42.787;miner3;Announced block                         ;9;8124c5â€¦d1cbb8
10-11-08:21:54.370;miner3;Queued propagated block                 ;10;75d8adâ€¦0f4a6c
10-11-08:21:54.370;miner3;Importing propagated block              ;10;75d8adâ€¦0f4a6c
10-11-08:21:54.452;miner3;Propagated block                        ;-1;75d8adâ€¦0f4a6c
10-11-08:21:54.452;miner3;Propagated block                        ;10;75d8adâ€¦0f4a6c
10-11-08:21:54.754;miner3;Propagated block                        ;10;75d8adâ€¦0f4a6c
10-11-08:21:54.754;miner3;Propagated block                        ;10;75d8adâ€¦0f4a6c
10-11-08:21:54.773;miner3;Announced block                         ;-1;75d8adâ€¦0f4a6c
10-11-08:21:54.773;miner3;Announced block                         ;10;75d8adâ€¦0f4a6c
10-11-08:21:54.868;miner3;Announced block                         ;10;75d8adâ€¦0f4a6c
10-11-08:22:03.174;miner3;Queued propagated block                 ;11;415516â€¦21fd4d
10-11-08:22:03.174;miner3;Importing propagated block              ;11;415516â€¦21fd4d
10-11-08:22:03.248;miner3;Propagated block                        ;-1;415516â€¦21fd4d
10-11-08:22:03.248;miner3;Propagated block                        ;11;415516â€¦21fd4d
10-11-08:22:03.350;miner3;Propagated block                        ;11;415516â€¦21fd4d
10-11-08:22:03.399;miner3;Announced block                         ;-1;415516â€¦21fd4d
10-11-08:22:03.400;miner3;Announced block                         ;11;415516â€¦21fd4d
10-11-08:22:03.446;miner3;Queued propagated block                 ;11;415516â€¦21fd4d
10-11-08:22:03.474;miner3;Queued propagated block                 ;11;415516â€¦21fd4d
10-11-08:22:03.654;miner3;Announced block                         ;11;415516â€¦21fd4d
10-11-08:22:03.654;miner3;Announced block                         ;11;415516â€¦21fd4d
10-11-08:22:03.654;miner3;Announced block                         ;11;415516â€¦21fd4d
10-11-08:22:03.654;miner3;Announced block                         ;11;415516â€¦21fd4d
10-11-08:22:04.070;miner3;Queued propagated block                 ;12;df3cabâ€¦fce594
10-11-08:22:04.070;miner3;Importing propagated block              ;12;df3cabâ€¦fce594
10-11-08:22:04.184;miner3;Propagated block                        ;-1;df3cabâ€¦fce594
10-11-08:22:04.185;miner3;Propagated block                        ;12;df3cabâ€¦fce594
10-11-08:22:04.262;miner3;Propagated block                        ;12;df3cabâ€¦fce594
10-11-08:22:04.262;miner3;Propagated block                        ;12;df3cabâ€¦fce594
10-11-08:22:04.273;miner3;Announced block                         ;-1;df3cabâ€¦fce594
10-11-08:22:04.273;miner3;Announced block                         ;12;df3cabâ€¦fce594
10-11-08:22:04.374;miner3;Queued propagated block                 ;12;df3cabâ€¦fce594
10-11-08:22:04.470;miner3;Announced block                         ;12;df3cabâ€¦fce594
10-11-08:22:04.470;miner3;Announced block                         ;12;df3cabâ€¦fce594
10-11-08:22:04.470;miner3;Announced block                         ;12;df3cabâ€¦fce594
10-11-08:22:04.470;miner3;Announced block                         ;12;df3cabâ€¦fce594
10-11-08:22:06.370;miner3;Queued propagated block                 ;13;199999â€¦20bbc9
10-11-08:22:06.370;miner3;Importing propagated block              ;13;199999â€¦20bbc9
10-11-08:22:06.446;miner3;Propagated block                        ;-1;199999â€¦20bbc9
10-11-08:22:06.446;miner3;Propagated block                        ;13;199999â€¦20bbc9
10-11-08:22:06.484;miner3;Propagated block                        ;13;199999â€¦20bbc9
10-11-08:22:06.485;miner3;Announced block                         ;-1;199999â€¦20bbc9
10-11-08:22:06.485;miner3;Announced block                         ;13;199999â€¦20bbc9
10-11-08:22:06.562;miner3;Announced block                         ;13;199999â€¦20bbc9
10-11-08:22:06.562;miner3;Announced block                         ;13;199999â€¦20bbc9
10-11-08:22:06.562;miner3;Announced block                         ;13;199999â€¦20bbc9
10-11-08:22:06.563;miner3;Queued propagated block                 ;13;199999â€¦20bbc9
10-11-08:22:58.958;miner3;Queued propagated block                 ;14;277d7aâ€¦d1724e
10-11-08:22:58.958;miner3;Importing propagated block              ;14;277d7aâ€¦d1724e
10-11-08:22:59.087;miner3;Propagated block                        ;-1;277d7aâ€¦d1724e
10-11-08:22:59.087;miner3;Propagated block                        ;14;277d7aâ€¦d1724e
10-11-08:22:59.173;miner3;Propagated block                        ;14;277d7aâ€¦d1724e
10-11-08:22:59.251;miner3;Announced block                         ;-1;277d7aâ€¦d1724e
10-11-08:22:59.251;miner3;Announced block                         ;14;277d7aâ€¦d1724e
10-11-08:22:59.546;miner3;Announced block                         ;14;277d7aâ€¦d1724e
10-11-08:22:59.546;miner3;Announced block                         ;14;277d7aâ€¦d1724e
10-11-08:22:59.546;miner3;Announced block                         ;14;277d7aâ€¦d1724e
10-11-08:22:59.547;miner3;Announced block                         ;14;277d7aâ€¦d1724e
10-11-08:22:59.547;miner3;Queued propagated block                 ;14;277d7aâ€¦d1724e
10-11-08:22:59.558;miner3;Queued propagated block                 ;14;277d7aâ€¦d1724e
10-11-08:23:05.554;miner3;Queued propagated block                 ;15;95e1d9â€¦87495c
10-11-08:23:05.554;miner3;Importing propagated block              ;15;95e1d9â€¦87495c
10-11-08:23:05.651;miner3;Propagated block                        ;-1;95e1d9â€¦87495c
10-11-08:23:05.652;miner3;Propagated block                        ;15;95e1d9â€¦87495c
10-11-08:23:05.708;miner3;Propagated block                        ;15;95e1d9â€¦87495c
10-11-08:23:05.708;miner3;Propagated block                        ;15;95e1d9â€¦87495c
10-11-08:23:05.709;miner3;Announced block                         ;-1;95e1d9â€¦87495c
10-11-08:23:05.742;miner3;Announced block                         ;15;95e1d9â€¦87495c
10-11-08:23:05.747;miner3;Queued propagated block                 ;15;95e1d9â€¦87495c
10-11-08:23:05.766;miner3;Announced block                         ;15;95e1d9â€¦87495c
10-11-08:23:05.766;miner3;Announced block                         ;15;95e1d9â€¦87495c
10-11-08:23:05.766;miner3;Announced block                         ;15;95e1d9â€¦87495c
10-11-08:23:05.766;miner3;Announced block                         ;15;95e1d9â€¦87495c
10-11-08:23:05.767;miner3;Announced block                         ;15;95e1d9â€¦87495c
10-11-08:23:12.602;miner3;Queued propagated block                 ;16;6016ebâ€¦3535b1
10-11-08:23:12.602;miner3;Importing propagated block              ;16;6016ebâ€¦3535b1
10-11-08:23:12.762;miner3;Propagated block                        ;-1;6016ebâ€¦3535b1
10-11-08:23:12.762;miner3;Propagated block                        ;16;6016ebâ€¦3535b1
10-11-08:23:12.784;miner3;Propagated block                        ;16;6016ebâ€¦3535b1
10-11-08:23:12.785;miner3;Announced block                         ;-1;6016ebâ€¦3535b1
10-11-08:23:12.785;miner3;Announced block                         ;16;6016ebâ€¦3535b1
10-11-08:23:12.950;miner3;Queued propagated block                 ;16;6016ebâ€¦3535b1
10-11-08:23:12.950;miner3;Queued propagated block                 ;16;6016ebâ€¦3535b1
10-11-08:23:13.058;miner3;Announced block                         ;16;6016ebâ€¦3535b1
10-11-08:23:13.058;miner3;Announced block                         ;16;6016ebâ€¦3535b1
10-11-08:23:13.058;miner3;Announced block                         ;16;6016ebâ€¦3535b1
10-11-08:23:13.058;miner3;Announced block                         ;16;6016ebâ€¦3535b1
10-11-08:23:13.142;miner3;Announced block                         ;16;6016ebâ€¦3535b1
10-11-08:23:23.282;miner3;Queued propagated block                 ;17;8920d3â€¦c8b66c
10-11-08:23:23.282;miner3;Importing propagated block              ;17;8920d3â€¦c8b66c
10-11-08:23:23.347;miner3;Propagated block                        ;-1;8920d3â€¦c8b66c
10-11-08:23:23.348;miner3;Propagated block                        ;17;8920d3â€¦c8b66c
10-11-08:23:23.394;miner3;Propagated block                        ;17;8920d3â€¦c8b66c
10-11-08:23:23.394;miner3;Propagated block                        ;17;8920d3â€¦c8b66c
10-11-08:23:23.482;miner3;Announced block                         ;-1;8920d3â€¦c8b66c
10-11-08:23:23.482;miner3;Announced block                         ;17;8920d3â€¦c8b66c
10-11-08:23:23.606;miner3;Queued propagated block                 ;17;8920d3â€¦c8b66c
10-11-08:23:23.606;miner3;Queued propagated block                 ;17;8920d3â€¦c8b66c
10-11-08:23:23.607;miner3;Queued propagated block                 ;17;8920d3â€¦c8b66c
10-11-08:23:23.662;miner3;Announced block                         ;17;8920d3â€¦c8b66c
10-11-08:23:23.662;miner3;Announced block                         ;17;8920d3â€¦c8b66c
10-11-08:23:23.662;miner3;Announced block                         ;17;8920d3â€¦c8b66c
10-11-08:23:23.668;miner3;Announced block                         ;17;8920d3â€¦c8b66c
10-11-08:23:23.668;miner3;Announced block                         ;17;8920d3â€¦c8b66c
10-11-08:23:23.669;miner3;Announced block                         ;17;8920d3â€¦c8b66c
10-11-08:23:23.669;miner3;Announced block                         ;17;8920d3â€¦c8b66c
10-11-08:23:23.694;miner3;Queued propagated block                 ;17;8920d3â€¦c8b66c
10-11-08:23:24.662;miner3;Queued propagated block                 ;18;722214â€¦fd9f87
10-11-08:23:24.662;miner3;Importing propagated block              ;18;722214â€¦fd9f87
10-11-08:23:24.699;miner3;Propagated block                        ;-1;722214â€¦fd9f87
10-11-08:23:24.700;miner3;Propagated block                        ;18;722214â€¦fd9f87
10-11-08:23:24.791;miner3;Propagated block                        ;18;722214â€¦fd9f87
10-11-08:23:24.793;miner3;Announced block                         ;-1;722214â€¦fd9f87
10-11-08:23:24.794;miner3;Announced block                         ;18;722214â€¦fd9f87
10-11-08:23:24.861;miner3;Propagated block                        ;18;722214â€¦fd9f87
10-11-08:23:25.002;miner3;Announced block                         ;18;722214â€¦fd9f87
10-11-08:23:25.002;miner3;Announced block                         ;18;722214â€¦fd9f87
10-11-08:23:25.002;miner3;Announced block                         ;18;722214â€¦fd9f87
10-11-08:23:26.354;miner3;Queued propagated block                 ;19;d07531â€¦bc5847
10-11-08:23:26.354;miner3;Importing propagated block              ;19;d07531â€¦bc5847
10-11-08:23:26.386;miner3;Propagated block                        ;-1;d07531â€¦bc5847
10-11-08:23:26.386;miner3;Propagated block                        ;19;d07531â€¦bc5847
10-11-08:23:26.464;miner3;Propagated block                        ;19;d07531â€¦bc5847
10-11-08:23:26.464;miner3;Propagated block                        ;19;d07531â€¦bc5847
10-11-08:23:26.465;miner3;Announced block                         ;-1;d07531â€¦bc5847
10-11-08:23:26.465;miner3;Announced block                         ;19;d07531â€¦bc5847
10-11-08:23:26.546;miner3;Queued propagated block                 ;19;d07531â€¦bc5847
10-11-08:23:26.562;miner3;Announced block                         ;19;d07531â€¦bc5847
10-11-08:23:26.562;miner3;Announced block                         ;19;d07531â€¦bc5847
10-11-08:23:26.562;miner3;Announced block                         ;19;d07531â€¦bc5847
10-11-08:23:26.563;miner3;Announced block                         ;19;d07531â€¦bc5847
10-11-08:23:26.563;miner3;Announced block                         ;19;d07531â€¦bc5847
10-11-08:23:26.563;miner3;Announced block                         ;19;d07531â€¦bc5847
10-11-08:23:26.563;miner3;Announced block                         ;19;d07531â€¦bc5847
